|carat|cut|color|clarity|depth|table|price|x|y|z
0|0,23|Ideal|E|SI2|61,5|55,0|326|3,95|3,98|2,43
1|0,21|Premium|E|SI1|59,8|61,0|326|3,89|3,84|2,31
2|0,23|Good|E|VS1|56,9|65,0|327|4,05|4,07|2,31
3|0,29|Premium|I|VS2|62,4|58,0|334|4,2|4,23|2,63
4|0,31|Good|J|SI2|63,3|58,0|335|4,34|4,35|2,75
5|0,24|Very Good|J|VVS2|62,8|57,0|336|3,94|3,96|2,48
6|0,24|Very Good|I|VVS1|62,3|57,0|336|3,95|3,98|2,47
7|0,26|Very Good|H|SI1|61,9|55,0|337|4,07|4,11|2,53
8|0,22|Fair|E|VS2|65,1|61,0|337|3,87|3,78|2,49
9|0,23|Very Good|H|VS1|59,4|61,0|338|4,0|4,05|2,39
10|0,3|Good|J|SI1|64,0|55,0|339|4,25|4,28|2,73
11|0,23|Ideal|J|VS1|62,8|56,0|340|3,93|3,9|2,46
12|0,22|Premium|F|SI1|60,4|61,0|342|3,88|3,84|2,33
13|0,31|Ideal|J|SI2|62,2|54,0|344|4,35|4,37|2,71
14|0,2|Premium|E|SI2|60,2|62,0|345|3,79|3,75|2,27
15|0,32|Premium|E|I1|60,9|58,0|345|4,38|4,42|2,68
16|0,3|Ideal|I|SI2|62,0|54,0|348|4,31|4,34|2,68
17|0,3|Good|J|SI1|63,4|54,0|351|4,23|4,29|2,7
18|0,3|Good|J|SI1|63,8|56,0|351|4,23|4,26|2,71
19|0,3|Very Good|J|SI1|62,7|59,0|351|4,21|4,27|2,66
20|0,3|Good|I|SI2|63,3|56,0|351|4,26|4,3|2,71
21|0,23|Very Good|E|VS2|63,8|55,0|352|3,85|3,92|2,48
22|0,23|Very Good|H|VS1|61,0|57,0|353|3,94|3,96|2,41
23|0,31|Very Good|J|SI1|59,4|62,0|353|4,39|4,43|2,62
24|0,31|Very Good|J|SI1|58,1|62,0|353|4,44|4,47|2,59
25|0,23|Very Good|G|VVS2|60,4|58,0|354|3,97|4,01|2,41
26|0,24|Premium|I|VS1|62,5|57,0|355|3,97|3,94|2,47
27|0,3|Very Good|J|VS2|62,2|57,0|357|4,28|4,3|2,67
28|0,23|Very Good|D|VS2|60,5|61,0|357|3,96|3,97|2,4
29|0,23|Very Good|F|VS1|60,9|57,0|357|3,96|3,99|2,42
30|0,23|Very Good|F|VS1|60,0|57,0|402|4,0|4,03|2,41
31|0,23|Very Good|F|VS1|59,8|57,0|402|4,04|4,06|2,42
32|0,23|Very Good|E|VS1|60,7|59,0|402|3,97|4,01|2,42
33|0,23|Very Good|E|VS1|59,5|58,0|402|4,01|4,06|2,4
34|0,23|Very Good|D|VS1|61,9|58,0|402|3,92|3,96|2,44
35|0,23|Good|F|VS1|58,2|59,0|402|4,06|4,08|2,37
36|0,23|Good|E|VS1|64,1|59,0|402|3,83|3,85|2,46
37|0,31|Good|H|SI1|64,0|54,0|402|4,29|4,31|2,75
38|0,26|Very Good|D|VS2|60,8|59,0|403|4,13|4,16|2,52
39|0,33|Ideal|I|SI2|61,8|55,0|403|4,49|4,51|2,78
40|0,33|Ideal|I|SI2|61,2|56,0|403|4,49|4,5|2,75
41|0,33|Ideal|J|SI1|61,1|56,0|403|4,49|4,55|2,76
42|0,26|Good|D|VS2|65,2|56,0|403|3,99|4,02|2,61
43|0,26|Good|D|VS1|58,4|63,0|403|4,19|4,24|2,46
44|0,32|Good|H|SI2|63,1|56,0|403|4,34|4,37|2,75
45|0,29|Premium|F|SI1|62,4|58,0|403|4,24|4,26|2,65
46|0,32|Very Good|H|SI2|61,8|55,0|403|4,35|4,42|2,71
47|0,32|Good|H|SI2|63,8|56,0|403|4,36|4,38|2,79
48|0,25|Very Good|E|VS2|63,3|60,0|404|4,0|4,03|2,54
49|0,29|Very Good|H|SI2|60,7|60,0|404|4,33|4,37|2,64
50|0,24|Very Good|F|SI1|60,9|61,0|404|4,02|4,03|2,45
51|0,23|Ideal|G|VS1|61,9|54,0|404|3,93|3,95|2,44
52|0,32|Ideal|I|SI1|60,9|55,0|404|4,45|4,48|2,72
53|0,22|Premium|E|VS2|61,6|58,0|404|3,93|3,89|2,41
54|0,22|Premium|D|VS2|59,3|62,0|404|3,91|3,88|2,31
55|0,3|Ideal|I|SI2|61,0|59,0|405|4,3|4,33|2,63
56|0,3|Premium|J|SI2|59,3|61,0|405|4,43|4,38|2,61
57|0,3|Very Good|I|SI1|62,6|57,0|405|4,25|4,28|2,67
58|0,3|Very Good|I|SI1|63,0|57,0|405|4,28|4,32|2,71
59|0,3|Good|I|SI1|63,2|55,0|405|4,25|4,29|2,7
60|0,35|Ideal|I|VS1|60,9|57,0|552|4,54|4,59|2,78
61|0,3|Premium|D|SI1|62,6|59,0|552|4,23|4,27|2,66
62|0,3|Ideal|D|SI1|62,5|57,0|552|4,29|4,32|2,69
63|0,3|Ideal|D|SI1|62,1|56,0|552|4,3|4,33|2,68
64|0,42|Premium|I|SI2|61,5|59,0|552|4,78|4,84|2,96
65|0,28|Ideal|G|VVS2|61,4|56,0|553|4,19|4,22|2,58
66|0,32|Ideal|I|VVS1|62,0|55,3|553|4,39|4,42|2,73
67|0,31|Very Good|G|SI1|63,3|57,0|553|4,33|4,3|2,73
68|0,31|Premium|G|SI1|61,8|58,0|553|4,35|4,32|2,68
69|0,24|Premium|E|VVS1|60,7|58,0|553|4,01|4,03|2,44
70|0,24|Very Good|D|VVS1|61,5|60,0|553|3,97|4,0|2,45
71|0,3|Very Good|H|SI1|63,1|56,0|554|4,29|4,27|2,7
72|0,3|Premium|H|SI1|62,9|59,0|554|4,28|4,24|2,68
73|0,3|Premium|H|SI1|62,5|57,0|554|4,29|4,25|2,67
74|0,3|Good|H|SI1|63,7|57,0|554|4,28|4,26|2,72
75|0,26|Very Good|F|VVS2|59,2|60,0|554|4,19|4,22|2,49
76|0,26|Very Good|E|VVS2|59,9|58,0|554|4,15|4,23|2,51
77|0,26|Very Good|D|VVS2|62,4|54,0|554|4,08|4,13|2,56
78|0,26|Very Good|D|VVS2|62,8|60,0|554|4,01|4,05|2,53
79|0,26|Very Good|E|VVS1|62,6|59,0|554|4,06|4,09|2,55
80|0,26|Very Good|E|VVS1|63,4|59,0|554|4,0|4,04|2,55
81|0,26|Very Good|D|VVS1|62,1|60,0|554|4,03|4,12|2,53
82|0,26|Ideal|E|VVS2|62,9|58,0|554|4,02|4,06|2,54
83|0,38|Ideal|I|SI2|61,6|56,0|554|4,65|4,67|2,87
84|0,26|Good|E|VVS1|57,9|60,0|554|4,22|4,25|2,45
85|0,24|Premium|G|VVS1|62,3|59,0|554|3,95|3,92|2,45
86|0,24|Premium|H|VVS1|61,2|58,0|554|4,01|3,96|2,44
87|0,24|Premium|H|VVS1|60,8|59,0|554|4,02|4,0|2,44
88|0,24|Premium|H|VVS2|60,7|58,0|554|4,07|4,04|2,46
89|0,32|Premium|I|SI1|62,9|58,0|554|4,35|4,33|2,73
90|0,7|Ideal|E|SI1|62,5|57,0|2757|5,7|5,72|3,57
91|0,86|Fair|E|SI2|55,1|69,0|2757|6,45|6,33|3,52
92|0,7|Ideal|G|VS2|61,6|56,0|2757|5,7|5,67|3,5
93|0,71|Very Good|E|VS2|62,4|57,0|2759|5,68|5,73|3,56
94|0,78|Very Good|G|SI2|63,8|56,0|2759|5,81|5,85|3,72
95|0,7|Good|E|VS2|57,5|58,0|2759|5,85|5,9|3,38
96|0,7|Good|F|VS1|59,4|62,0|2759|5,71|5,76|3,4
97|0,96|Fair|F|SI2|66,3|62,0|2759|6,27|5,95|4,07
98|0,73|Very Good|E|SI1|61,6|59,0|2760|5,77|5,78|3,56
99|0,8|Premium|H|SI1|61,5|58,0|2760|5,97|5,93|3,66
100|0,75|Very Good|D|SI1|63,2|56,0|2760|5,8|5,75|3,65
101|0,75|Premium|E|SI1|59,9|54,0|2760|6,0|5,96|3,58
102|0,74|Ideal|G|SI1|61,6|55,0|2760|5,8|5,85|3,59
103|0,75|Premium|G|VS2|61,7|58,0|2760|5,85|5,79|3,59
104|0,8|Ideal|I|VS1|62,9|56,0|2760|5,94|5,87|3,72
105|0,75|Ideal|G|SI1|62,2|55,0|2760|5,87|5,8|3,63
106|0,8|Premium|G|SI1|63,0|59,0|2760|5,9|5,81|3,69
107|0,74|Ideal|I|VVS2|62,3|55,0|2761|5,77|5,81|3,61
108|0,81|Ideal|F|SI2|58,8|57,0|2761|6,14|6,11|3,6
109|0,59|Ideal|E|VVS2|62,0|55,0|2761|5,38|5,43|3,35
110|0,8|Ideal|F|SI2|61,4|57,0|2761|5,96|6,0|3,67
111|0,74|Ideal|E|SI2|62,2|56,0|2761|5,8|5,84|3,62
112|0,9|Premium|I|VS2|63,0|58,0|2761|6,16|6,12|3,87
113|0,74|Very Good|G|SI1|62,2|59,0|2762|5,73|5,82|3,59
114|0,73|Ideal|F|VS2|62,6|56,0|2762|5,77|5,74|3,6
115|0,73|Ideal|F|VS2|62,7|53,0|2762|5,8|5,75|3,62
116|0,8|Premium|F|SI2|61,7|58,0|2762|5,98|5,94|3,68
117|0,71|Ideal|G|VS2|62,4|54,0|2762|5,72|5,76|3,58
118|0,7|Ideal|E|VS2|60,7|58,0|2762|5,73|5,76|3,49
119|0,8|Ideal|F|SI2|59,9|59,0|2762|6,01|6,07|3,62
120|0,71|Ideal|D|SI2|62,3|56,0|2762|5,73|5,69|3,56
121|0,74|Ideal|E|SI1|62,3|54,0|2762|5,8|5,83|3,62
122|0,7|Very Good|F|VS2|61,7|63,0|2762|5,64|5,61|3,47
123|0,7|Fair|F|VS2|64,5|57,0|2762|5,57|5,53|3,58
124|0,7|Fair|F|VS2|65,3|55,0|2762|5,63|5,58|3,66
125|0,7|Premium|F|VS2|61,6|60,0|2762|5,65|5,59|3,46
126|0,91|Premium|H|SI1|61,4|56,0|2763|6,09|5,97|3,7
127|0,61|Very Good|D|VVS2|59,6|57,0|2763|5,56|5,58|3,32
128|0,91|Fair|H|SI2|64,4|57,0|2763|6,11|6,09|3,93
129|0,91|Fair|H|SI2|65,7|60,0|2763|6,03|5,99|3,95
130|0,77|Ideal|H|VS2|62,0|56,0|2763|5,89|5,86|3,64
131|0,71|Very Good|D|SI1|63,6|58,0|2764|5,64|5,68|3,6
132|0,71|Ideal|D|SI1|61,9|59,0|2764|5,69|5,72|3,53
133|0,7|Very Good|E|VS2|62,6|60,0|2765|5,62|5,65|3,53
134|0,77|Very Good|H|VS1|61,3|60,0|2765|5,88|5,9|3,61
135|0,63|Premium|E|VVS1|60,9|60,0|2765|5,52|5,55|3,37
136|0,71|Very Good|F|VS1|60,1|62,0|2765|5,74|5,77|3,46
137|0,71|Premium|F|VS1|61,8|59,0|2765|5,69|5,73|3,53
138|0,76|Ideal|H|SI1|61,2|57,0|2765|5,88|5,91|3,61
139|0,64|Ideal|G|VVS1|61,9|56,0|2766|5,53|5,56|3,43
140|0,71|Premium|G|VS2|60,9|57,0|2766|5,78|5,75|3,51
141|0,71|Premium|G|VS2|59,8|56,0|2766|5,89|5,81|3,5
142|0,7|Very Good|D|VS2|61,8|55,0|2767|5,68|5,72|3,52
143|0,7|Very Good|F|VS1|60,0|57,0|2767|5,8|5,87|3,5
144|0,71|Ideal|D|SI2|61,6|55,0|2767|5,74|5,76|3,54
145|0,7|Good|H|VVS2|62,1|64,0|2767|5,62|5,65|3,5
146|0,71|Very Good|G|VS1|63,3|59,0|2768|5,52|5,61|3,52
147|0,73|Very Good|D|SI1|60,2|56,0|2768|5,83|5,87|3,52
148|0,7|Very Good|D|SI1|61,1|58,0|2768|5,66|5,73|3,48
149|0,7|Ideal|E|SI1|60,9|57,0|2768|5,73|5,76|3,5
150|0,71|Premium|D|SI2|61,7|59,0|2768|5,71|5,67|3,51
151|0,74|Ideal|I|SI1|61,3|56,0|2769|5,82|5,86|3,57
152|0,71|Premium|D|VS2|62,5|60,0|2770|5,65|5,61|3,52
153|0,73|Premium|G|VS2|61,4|59,0|2770|5,83|5,76|3,56
154|0,76|Very Good|F|SI1|62,9|57,0|2770|5,79|5,81|3,65
155|0,76|Ideal|D|SI2|62,4|57,0|2770|5,78|5,83|3,62
156|0,71|Ideal|F|SI1|60,7|56,0|2770|5,77|5,8|3,51
157|0,73|Premium|G|VS2|60,7|58,0|2770|5,87|5,82|3,55
158|0,73|Premium|G|VS1|61,5|58,0|2770|5,79|5,75|3,55
159|0,73|Ideal|D|SI2|59,9|57,0|2770|5,92|5,89|3,54
160|0,73|Premium|G|VS2|59,2|59,0|2770|5,92|5,87|3,49
161|0,72|Very Good|H|VVS2|60,3|56,0|2771|5,81|5,83|3,51
162|0,73|Very Good|F|SI1|61,7|60,0|2771|5,79|5,82|3,58
163|0,71|Ideal|G|VS2|61,9|57,0|2771|5,73|5,77|3,56
164|0,79|Ideal|F|SI2|61,9|55,0|2771|5,97|5,92|3,68
165|0,73|Very Good|H|VVS1|60,4|59,0|2772|5,83|5,89|3,54
166|0,8|Very Good|F|SI2|61,0|57,0|2772|6,01|6,03|3,67
167|0,58|Ideal|G|VVS1|61,5|55,0|2772|5,39|5,44|3,33
168|0,58|Ideal|F|VVS1|61,7|56,0|2772|5,33|5,37|3,3
169|0,71|Good|E|VS2|59,2|61,0|2772|5,8|5,88|3,46
170|0,75|Ideal|D|SI2|61,3|56,0|2773|5,85|5,89|3,6
171|0,7|Premium|D|VS2|58,0|62,0|2773|5,87|5,78|3,38
172|1,17|Very Good|J|I1|60,2|61,0|2774|6,83|6,9|4,13
173|0,6|Ideal|E|VS1|61,7|55,0|2774|5,41|5,44|3,35
174|0,7|Ideal|E|SI1|62,7|55,0|2774|5,68|5,74|3,58
175|0,83|Good|I|VS2|64,6|54,0|2774|5,85|5,88|3,79
176|0,74|Very Good|F|VS2|61,3|61,0|2775|5,8|5,84|3,57
177|0,72|Very Good|G|VS2|63,7|56,4|2776|5,62|5,69|3,61
178|0,71|Premium|E|VS2|62,7|58,0|2776|5,74|5,68|3,58
179|0,71|Ideal|E|VS2|62,2|57,0|2776|5,79|5,62|3,55
180|0,54|Ideal|E|VVS2|61,6|56,0|2776|5,25|5,27|3,24
181|0,54|Ideal|E|VVS2|61,5|57,0|2776|5,24|5,26|3,23
182|0,72|Ideal|G|SI1|61,8|56,0|2776|5,72|5,75|3,55
183|0,72|Ideal|G|SI1|60,7|56,0|2776|5,79|5,82|3,53
184|0,72|Good|G|VS2|59,7|60,5|2776|5,8|5,84|3,47
185|0,71|Ideal|G|SI1|60,5|56,0|2776|5,8|5,76|3,5
186|0,7|Very Good|D|VS1|62,7|58,0|2777|5,66|5,73|3,57
187|0,71|Premium|F|VS2|62,1|58,0|2777|5,67|5,7|3,53
188|0,71|Very Good|F|VS2|62,8|57,0|2777|5,64|5,69|3,56
189|0,71|Good|F|VS2|63,8|58,0|2777|5,61|5,64|3,59
190|0,71|Good|F|VS2|57,8|60,0|2777|5,87|5,9|3,4
191|0,7|Ideal|E|VS2|62,1|55,0|2777|5,7|5,67|3,53
192|0,7|Premium|E|VS2|61,1|60,0|2777|5,71|5,64|3,47
193|0,7|Premium|E|SI1|60,0|59,0|2777|5,79|5,75|3,46
194|0,7|Premium|E|SI1|61,2|57,0|2777|5,73|5,68|3,49
195|0,7|Premium|E|SI1|62,7|59,0|2777|5,67|5,63|3,54
196|0,7|Premium|E|SI1|61,0|57,0|2777|5,73|5,68|3,48
197|0,7|Premium|E|SI1|61,0|58,0|2777|5,78|5,72|3,51
198|0,7|Ideal|E|SI1|61,4|57,0|2777|5,76|5,7|3,52
199|0,72|Premium|F|SI1|61,8|61,0|2777|5,82|5,71|3,56
200|0,7|Very Good|E|SI1|59,9|63,0|2777|5,76|5,7|3,43
201|0,7|Premium|E|SI1|61,3|58,0|2777|5,71|5,68|3,49
202|0,7|Premium|E|SI1|60,5|58,0|2777|5,77|5,74|3,48
203|0,7|Good|E|VS2|64,1|59,0|2777|5,64|5,59|3,6
204|0,98|Fair|H|SI2|67,9|60,0|2777|6,05|5,97|4,08
205|0,78|Premium|F|SI1|62,4|58,0|2777|5,83|5,8|3,63
206|0,7|Very Good|E|SI1|63,2|60,0|2777|5,6|5,51|3,51
207|0,52|Ideal|F|VVS1|61,3|55,0|2778|5,19|5,22|3,19
208|0,73|Very Good|H|VS2|60,8|56,0|2779|5,82|5,84|3,55
209|0,74|Ideal|E|SI1|61,7|56,0|2779|5,84|5,8|3,59
210|0,7|Very Good|F|VS2|63,6|57,0|2780|5,61|5,65|3,58
211|0,77|Premium|G|VS2|61,2|58,0|2780|5,9|5,93|3,62
212|0,71|Ideal|F|VS2|62,1|54,0|2780|5,68|5,72|3,54
213|0,74|Ideal|G|VS1|61,5|55,0|2780|5,81|5,86|3,59
214|0,7|Ideal|G|VS1|61,4|59,0|2780|5,64|5,73|3,49
215|1,01|Premium|F|I1|61,8|60,0|2781|6,39|6,36|3,94
216|0,77|Ideal|H|SI1|62,2|56,0|2781|5,83|5,88|3,64
217|0,78|Ideal|H|SI1|61,2|56,0|2781|5,92|5,99|3,64
218|0,72|Very Good|H|VS1|60,6|63,0|2782|5,83|5,76|3,51
219|0,53|Very Good|D|VVS2|57,5|64,0|2782|5,34|5,37|3,08
220|0,76|Ideal|G|VS2|61,3|56,0|2782|5,9|5,94|3,63
221|0,7|Good|E|VS1|57,2|62,0|2782|5,81|5,77|3,31
222|0,7|Premium|E|VS1|62,9|60,0|2782|5,62|5,54|3,51
223|0,75|Very Good|D|SI2|63,1|58,0|2782|5,78|5,73|3,63
224|0,72|Ideal|D|SI1|60,8|57,0|2782|5,76|5,75|3,5
225|0,72|Premium|D|SI1|62,7|59,0|2782|5,73|5,69|3,58
226|0,7|Premium|D|SI1|62,8|60,0|2782|5,68|5,66|3,56
227|0,84|Fair|G|SI1|55,1|67,0|2782|6,39|6,2|3,47
228|0,75|Premium|F|SI1|61,4|59,0|2782|5,88|5,85|3,6
229|0,52|Ideal|F|IF|62,2|55,0|2783|5,14|5,18|3,21
230|0,72|Very Good|F|VS2|63,0|54,0|2784|5,69|5,73|3,6
231|0,79|Very Good|H|VS1|63,7|56,0|2784|5,85|5,92|3,75
232|0,72|Very Good|F|VS2|63,6|58,0|2787|5,66|5,69|3,61
233|0,51|Ideal|F|VVS1|62,0|57,0|2787|5,11|5,15|3,18
234|0,64|Ideal|D|VS1|61,5|56,0|2787|5,54|5,55|3,41
235|0,7|Very Good|H|VVS1|60,5|60,0|2788|5,74|5,77|3,48
236|0,83|Very Good|I|VS1|61,1|60,0|2788|6,07|6,1|3,72
237|0,76|Ideal|I|VVS2|61,8|56,0|2788|5,85|5,87|3,62
238|0,71|Good|D|VS2|63,3|56,0|2788|5,64|5,68|3,58
239|0,77|Good|G|VS1|59,4|64,0|2788|5,97|5,92|3,53
240|0,71|Ideal|F|SI1|62,5|55,0|2788|5,71|5,65|3,55
241|1,01|Fair|E|I1|64,5|58,0|2788|6,29|6,21|4,03
242|1,01|Premium|H|SI2|62,7|59,0|2788|6,31|6,22|3,93
243|0,77|Good|F|SI1|64,2|52,0|2789|5,81|5,77|3,72
244|0,76|Good|E|SI1|63,7|54,0|2789|5,76|5,85|3,7
245|0,76|Premium|E|SI1|60,4|58,0|2789|5,92|5,94|3,58
246|0,76|Premium|E|SI1|61,8|58,0|2789|5,82|5,86|3,61
247|1,05|Very Good|J|SI2|63,2|56,0|2789|6,49|6,45|4,09
248|0,81|Ideal|G|SI2|61,6|56,0|2789|5,97|6,01|3,69
249|0,7|Ideal|E|SI1|61,6|56,0|2789|5,72|5,75|3,53
250|0,55|Ideal|G|IF|60,9|57,0|2789|5,28|5,3|3,22
251|0,81|Good|G|SI2|61,0|61,0|2789|5,94|5,99|3,64
252|0,63|Premium|E|VVS2|62,1|57,0|2789|5,48|5,41|3,38
253|0,63|Premium|E|VVS1|60,9|60,0|2789|5,55|5,52|3,37
254|0,77|Premium|H|VS1|61,3|60,0|2789|5,9|5,88|3,61
255|1,05|Fair|J|SI2|65,8|59,0|2789|6,41|6,27|4,18
256|0,64|Ideal|G|IF|61,3|56,0|2790|5,54|5,58|3,41
257|0,76|Premium|I|VVS1|58,8|59,0|2790|6,0|5,94|3,51
258|0,83|Ideal|F|SI2|62,3|55,0|2790|6,02|6,05|3,76
259|0,71|Premium|F|VS1|60,1|62,0|2790|5,77|5,74|3,46
260|0,71|Premium|F|VS1|61,8|59,0|2790|5,73|5,69|3,53
261|0,87|Very Good|I|SI1|63,6|55,8|2791|6,07|6,1|3,87
262|0,73|Ideal|E|SI1|62,2|56,0|2791|5,74|5,78|3,58
263|0,71|Premium|E|SI1|59,2|59,0|2792|5,83|5,86|3,46
264|0,71|Premium|E|SI1|61,8|59,0|2792|5,7|5,75|3,54
265|0,71|Ideal|E|SI1|61,3|55,0|2792|5,72|5,77|3,52
266|0,7|Premium|F|VS1|62,1|60,0|2792|5,71|5,65|3,53
267|0,7|Premium|F|VS1|60,7|60,0|2792|5,78|5,75|3,5
268|0,76|Premium|H|VVS2|59,6|57,0|2792|5,91|5,86|3,51
269|0,7|Ideal|F|VS1|62,2|56,0|2792|5,73|5,68|3,55
270|0,79|Very Good|G|SI1|60,6|57,0|2793|5,98|6,06|3,65
271|0,7|Very Good|E|VS2|62,9|57,0|2793|5,66|5,69|3,57
272|0,7|Good|E|VS2|64,1|55,0|2793|5,6|5,66|3,61
273|0,76|Ideal|I|VS2|61,3|56,0|2793|5,87|5,91|3,61
274|0,73|Ideal|H|VS2|62,7|55,0|2793|5,72|5,76|3,6
275|0,79|Very Good|E|SI1|63,2|56,0|2794|5,91|5,86|3,72
276|0,71|Very Good|E|VS2|60,7|56,0|2795|5,81|5,82|3,53
277|0,81|Premium|I|VVS2|61,9|60,0|2795|5,91|5,86|3,64
278|0,81|Ideal|F|SI2|62,6|55,0|2795|5,92|5,96|3,72
279|0,72|Good|F|VS1|60,7|60,0|2795|5,74|5,72|3,48
280|0,72|Premium|D|SI2|62,0|60,0|2795|5,73|5,69|3,54
281|0,72|Premium|I|IF|63,0|57,0|2795|5,72|5,7|3,6
282|0,81|Premium|H|VS2|58,0|59,0|2795|6,17|6,13|3,57
283|0,72|Premium|G|VS2|62,9|57,0|2795|5,73|5,65|3,58
284|1,0|Premium|I|SI2|58,2|60,0|2795|6,61|6,55|3,83
285|0,73|Good|E|SI1|63,2|58,0|2796|5,7|5,76|3,62
286|0,81|Very Good|H|SI2|61,3|59,0|2797|5,94|6,01|3,66
287|0,81|Very Good|E|SI1|60,3|60,0|2797|6,07|6,1|3,67
288|0,71|Premium|D|SI1|62,7|60,0|2797|5,67|5,71|3,57
289|0,71|Premium|D|SI1|61,3|58,0|2797|5,73|5,75|3,52
290|0,71|Premium|D|SI1|61,6|60,0|2797|5,74|5,69|3,52
291|0,57|Ideal|F|VVS2|61,9|55,0|2797|5,34|5,35|3,31
292|0,51|Ideal|D|VVS1|61,7|56,0|2797|5,12|5,16|3,17
293|0,72|Ideal|G|VS2|61,9|58,0|2797|5,72|5,75|3,55
294|0,74|Ideal|H|VS1|61,8|58,0|2797|5,77|5,81|3,58
295|0,74|Ideal|H|VS1|61,6|56,0|2797|5,81|5,82|3,58
296|0,7|Fair|G|VVS1|58,8|66,0|2797|5,81|5,9|3,44
297|0,8|Premium|F|SI2|61,0|57,0|2797|6,03|6,01|3,67
298|1,01|Fair|E|SI2|67,4|60,0|2797|6,19|6,05|4,13
299|0,8|Very Good|H|VS2|63,4|60,0|2797|5,92|5,82|3,72
300|0,77|Ideal|I|VS1|61,5|59,0|2798|5,87|5,91|3,62
301|0,83|Very Good|E|SI2|58,0|62,0|2799|6,19|6,25|3,61
302|0,82|Ideal|F|SI2|62,4|54,0|2799|5,97|6,02|3,74
303|0,78|Ideal|D|SI1|61,9|57,0|2799|5,91|5,86|3,64
304|0,6|Very Good|G|IF|61,6|56,0|2800|5,43|5,46|3,35
305|0,9|Good|I|SI2|62,2|59,0|2800|6,07|6,11|3,79
306|0,7|Premium|E|VS1|62,2|58,0|2800|5,6|5,66|3,5
307|0,9|Very Good|I|SI2|61,3|56,0|2800|6,17|6,23|3,8
308|0,83|Ideal|G|SI1|62,3|57,0|2800|5,99|6,08|3,76
309|0,83|Ideal|G|SI1|61,8|57,0|2800|6,03|6,07|3,74
310|0,83|Very Good|H|SI1|62,5|59,0|2800|5,95|6,02|3,74
311|0,74|Premium|G|VS1|62,9|60,0|2800|5,74|5,68|3,59
312|0,79|Ideal|I|VS1|61,8|59,0|2800|5,92|5,95|3,67
313|0,61|Ideal|G|IF|62,3|56,0|2800|5,43|5,45|3,39
314|0,76|Fair|G|VS1|59,0|70,0|2800|5,89|5,8|3,46
315|0,96|Ideal|F|I1|60,7|55,0|2801|6,37|6,41|3,88
316|0,73|Ideal|F|VS2|62,5|55,0|2801|5,8|5,76|3,61
317|0,73|Premium|F|VS2|62,7|58,0|2801|5,76|5,7|3,59
318|0,75|Ideal|H|SI1|60,4|57,0|2801|5,93|5,96|3,59
319|0,71|Premium|F|VS2|62,1|58,0|2801|5,7|5,67|3,53
320|0,71|Good|F|VS2|57,8|60,0|2801|5,9|5,87|3,4
321|0,71|Good|F|VS2|63,8|58,0|2801|5,64|5,61|3,59
322|0,71|Premium|F|VS2|62,8|57,0|2801|5,69|5,64|3,56
323|1,04|Premium|G|I1|62,2|58,0|2801|6,46|6,41|4,0
324|1,0|Premium|J|SI2|62,3|58,0|2801|6,45|6,34|3,98
325|0,87|Very Good|G|SI2|59,9|58,0|2802|6,19|6,23|3,72
326|0,53|Ideal|F|IF|61,9|54,0|2802|5,22|5,25|3,24
327|0,72|Premium|E|VS2|63,0|55,0|2802|5,79|5,61|3,59
328|0,72|Premium|F|VS1|62,4|58,0|2802|5,83|5,7|3,6
329|0,7|Very Good|F|VS2|62,9|58,0|2803|5,63|5,65|3,55
330|0,74|Very Good|E|SI1|63,5|56,0|2803|5,74|5,79|3,66
331|0,71|Ideal|G|VS2|61,3|56,0|2803|5,75|5,71|3,51
332|0,73|Ideal|E|SI1|60,6|54,0|2803|5,84|5,89|3,55
333|0,7|Good|G|VS1|65,1|58,0|2803|5,56|5,59|3,63
334|0,71|Premium|F|VS2|62,6|58,0|2803|5,7|5,67|3,56
335|0,71|Premium|F|VS2|58,0|62,0|2803|5,85|5,81|3,38
336|0,71|Premium|G|VS1|62,4|61,0|2803|5,7|5,65|3,54
337|0,77|Premium|G|VS2|61,3|57,0|2803|5,93|5,88|3,62
338|0,71|Premium|G|VS2|59,9|60,0|2803|5,81|5,77|3,47
339|0,78|Premium|G|VS2|60,8|58,0|2803|6,03|5,95|3,64
340|0,71|Very Good|G|VS1|63,5|55,0|2803|5,66|5,64|3,59
341|0,91|Ideal|D|SI2|62,2|57,0|2803|6,21|6,15|3,85
342|0,71|Very Good|E|VS2|63,8|58,0|2804|5,62|5,66|3,6
343|0,71|Very Good|E|VS2|64,0|57,0|2804|5,66|5,68|3,63
344|0,8|Very Good|E|SI2|62,5|56,0|2804|5,88|5,96|3,7
345|0,7|Very Good|D|SI1|62,3|58,0|2804|5,69|5,73|3,56
346|0,72|Ideal|F|VS1|61,7|57,0|2804|5,74|5,77|3,55
347|0,72|Very Good|F|VS1|62,2|58,0|2804|5,75|5,7|3,56
348|0,82|Ideal|H|VS2|61,5|56,0|2804|6,01|6,08|3,72
349|0,7|Ideal|D|SI1|61,0|59,0|2804|5,68|5,7|3,47
350|0,72|Ideal|D|SI1|62,2|56,0|2804|5,74|5,77|3,58
351|0,72|Ideal|D|SI1|61,5|54,0|2804|5,77|5,8|3,56
352|0,9|Fair|I|SI1|67,3|59,0|2804|5,93|5,84|3,96
353|0,74|Premium|F|VS2|61,7|58,0|2805|5,85|5,78|3,59
354|0,74|Premium|F|VS2|61,9|56,0|2805|5,8|5,77|3,58
355|0,73|Ideal|E|SI2|61,8|58,0|2805|5,77|5,81|3,58
356|0,57|Fair|E|VVS1|58,7|66,0|2805|5,34|5,43|3,16
357|0,73|Premium|F|VS2|62,5|57,0|2805|5,75|5,7|3,58
358|0,72|Ideal|G|VS2|62,8|56,0|2805|5,74|5,7|3,59
359|0,74|Fair|F|VS2|61,1|68,0|2805|5,82|5,75|3,53
360|0,82|Good|G|VS2|64,0|57,0|2805|5,92|5,89|3,78
361|0,81|Very Good|G|SI1|62,5|60,0|2806|5,89|5,94|3,69
362|0,75|Very Good|H|VVS1|60,6|58,0|2806|5,85|5,9|3,56
363|0,7|Ideal|F|SI1|61,6|55,0|2806|5,72|5,74|3,53
364|0,71|Very Good|F|VS1|62,2|58,0|2807|5,66|5,72|3,54
365|0,71|Very Good|F|VS1|60,0|57,0|2807|5,84|5,9|3,52
366|0,93|Premium|J|SI2|61,9|57,0|2807|6,21|6,19|3,84
367|0,8|Very Good|H|VS2|62,8|57,0|2808|5,87|5,91|3,7
368|0,7|Very Good|F|VS1|62,0|57,0|2808|5,64|5,71|3,52
369|1,0|Fair|G|I1|66,4|59,0|2808|6,16|6,09|4,07
370|0,75|Very Good|G|VS2|63,4|56,0|2808|5,78|5,74|3,65
371|0,58|Ideal|E|VVS2|60,9|56,0|2808|5,41|5,43|3,3
372|0,73|Very Good|D|SI1|63,1|57,0|2808|5,74|5,7|3,61
373|0,81|Very Good|F|SI1|63,1|59,0|2809|5,85|5,79|3,67
374|0,81|Premium|D|SI2|59,2|57,0|2809|6,15|6,05|3,61
375|0,71|Premium|F|SI1|60,7|54,0|2809|5,84|5,8|3,53
376|1,2|Fair|F|I1|64,6|56,0|2809|6,73|6,66|4,33
377|0,7|Very Good|F|VS1|61,8|56,0|2810|5,63|5,7|3,5
378|0,7|Very Good|F|VS1|59,9|60,0|2810|5,77|5,84|3,48
379|0,74|Ideal|D|SI2|61,7|55,0|2810|5,81|5,85|3,6
380|0,7|Good|F|VS1|62,8|61,0|2810|5,57|5,61|3,51
381|0,8|Good|G|SI1|62,7|57,0|2810|5,84|5,93|3,69
382|0,75|Very Good|F|SI1|63,4|58,0|2811|5,72|5,76|3,64
383|0,83|Very Good|D|SI1|63,5|54,0|2811|5,98|5,95|3,79
384|1,0|Fair|J|VS2|65,7|59,0|2811|6,14|6,07|4,01
385|0,99|Fair|I|SI2|68,1|56,0|2811|6,21|6,06|4,18
386|0,7|Very Good|G|VS1|63,0|60,0|2812|5,57|5,64|3,53
387|0,7|Very Good|F|VS2|59,5|58,0|2812|5,75|5,85|3,45
388|0,7|Good|E|SI1|63,5|59,0|2812|5,49|5,53|3,5
389|0,7|Very Good|F|VS2|61,7|58,0|2812|5,63|5,69|3,49
390|0,32|Premium|I|SI1|62,7|58,0|554|4,37|4,34|2,73
391|0,32|Premium|I|SI1|62,8|58,0|554|4,39|4,34|2,74
392|0,32|Ideal|I|SI1|62,4|57,0|554|4,37|4,35|2,72
393|0,32|Premium|I|SI1|61,0|59,0|554|4,39|4,36|2,67
394|0,32|Very Good|I|SI1|63,1|56,0|554|4,39|4,36|2,76
395|0,32|Ideal|I|SI1|60,7|57,0|554|4,47|4,42|2,7
396|0,3|Premium|H|SI1|60,9|59,0|554|4,31|4,29|2,62
397|0,3|Premium|H|SI1|60,1|55,0|554|4,41|4,38|2,64
398|0,3|Premium|H|SI1|62,9|58,0|554|4,28|4,24|2,68
399|0,3|Very Good|H|SI1|63,3|56,0|554|4,29|4,27|2,71
400|0,3|Good|H|SI1|63,8|55,0|554|4,26|4,2|2,7
401|0,3|Ideal|H|SI1|62,9|57,0|554|4,27|4,22|2,67
402|0,3|Very Good|H|SI1|63,4|60,0|554|4,25|4,23|2,69
403|0,32|Good|I|SI1|63,9|55,0|554|4,36|4,34|2,78
404|0,33|Ideal|H|SI2|61,4|56,0|554|4,85|4,79|2,95
405|0,29|Very Good|E|VS1|61,9|55,0|555|4,28|4,33|2,66
406|0,29|Very Good|E|VS1|62,4|55,0|555|4,2|4,25|2,63
407|0,31|Very Good|F|SI1|61,8|58,0|555|4,32|4,35|2,68
408|0,34|Ideal|H|VS2|61,5|56,0|555|4,47|4,5|2,76
409|0,34|Ideal|H|VS2|60,4|57,0|555|4,54|4,57|2,75
410|0,34|Ideal|I|VS1|61,8|55,0|555|4,48|4,52|2,78
411|0,34|Ideal|I|VS1|62,0|56,0|555|4,5|4,53|2,8
412|0,3|Ideal|G|VS1|62,3|56,0|555|4,29|4,31|2,68
413|0,29|Ideal|F|VS1|61,6|56,0|555|4,26|4,31|2,64
414|0,35|Ideal|G|SI1|60,6|56,0|555|4,56|4,58|2,77
415|0,43|Very Good|E|I1|58,4|62,0|555|4,94|5,0|2,9
416|0,32|Very Good|F|VS2|61,4|58,0|556|4,37|4,42|2,7
417|0,36|Ideal|I|VS2|61,9|56,0|556|4,54|4,57|2,82
418|0,3|Ideal|G|VS2|62,0|56,0|556|4,28|4,3|2,66
419|0,26|Ideal|E|VS1|61,5|57,0|556|4,09|4,12|2,52
420|0,7|Very Good|F|VS2|62,3|58,0|2812|5,64|5,72|3,54
421|0,7|Very Good|F|VS2|60,9|61,0|2812|5,66|5,71|3,46
422|0,71|Ideal|D|SI1|62,4|57,0|2812|5,69|5,72|3,56
423|0,99|Fair|J|SI1|55,0|61,0|2812|6,72|6,67|3,68
424|0,73|Premium|E|VS2|58,6|60,0|2812|5,92|5,89|3,46
425|0,51|Ideal|F|VVS1|62,0|57,0|2812|5,15|5,11|3,18
426|0,91|Premium|G|SI2|59,8|58,0|2813|6,3|6,29|3,77
427|0,84|Very Good|E|SI1|63,4|55,0|2813|6,0|5,95|3,79
428|0,91|Good|I|VS2|64,3|58,0|2813|6,09|6,05|3,9
429|0,76|Premium|E|SI1|62,2|59,0|2814|5,86|5,81|3,63
430|0,76|Ideal|E|SI1|61,7|57,0|2814|5,88|5,85|3,62
431|0,75|Premium|E|SI1|61,1|59,0|2814|5,86|5,83|3,57
432|0,55|Very Good|D|VVS1|61,5|56,0|2815|5,23|5,27|3,23
433|0,76|Very Good|F|SI2|58,5|62,0|2815|5,93|6,01|3,49
434|0,74|Premium|G|VS1|61,7|58,0|2815|5,79|5,81|3,58
435|0,7|Ideal|H|SI1|60,4|56,0|2815|5,75|5,81|3,49
436|0,7|Ideal|H|SI1|61,4|56,0|2815|5,7|5,76|3,52
437|0,7|Ideal|H|SI1|61,5|55,0|2815|5,73|5,79|3,54
438|0,7|Ideal|H|SI1|61,4|56,0|2815|5,72|5,77|3,53
439|0,9|Fair|J|VS2|65,0|56,0|2815|6,08|6,04|3,94
440|0,95|Fair|F|SI2|56,0|60,0|2815|6,62|6,53|3,68
441|0,89|Premium|H|SI2|60,2|59,0|2815|6,26|6,23|3,76
442|0,72|Premium|E|VS2|58,3|58,0|2815|5,99|5,92|3,47
443|0,96|Fair|E|SI2|53,1|63,0|2815|6,73|6,65|3,55
444|1,02|Premium|G|I1|60,3|58,0|2815|6,55|6,5|3,94
445|0,78|Very Good|I|VVS2|61,4|56,0|2816|5,91|5,95|3,64
446|0,61|Ideal|G|VVS2|60,1|57,0|2816|5,52|5,54|3,32
447|0,71|Good|D|VS1|63,4|55,0|2816|5,61|5,69|3,58
448|0,78|Premium|F|SI1|61,5|59,0|2816|5,96|5,88|3,64
449|0,87|Ideal|H|SI2|62,7|56,0|2816|6,16|6,13|3,85
450|0,83|Ideal|H|SI1|62,5|55,0|2816|6,04|6,0|3,76
451|0,71|Premium|E|SI1|61,3|56,0|2817|5,78|5,73|3,53
452|0,71|Ideal|I|VVS2|60,2|56,0|2817|5,84|5,89|3,53
453|0,71|Ideal|E|VS2|62,7|57,0|2817|5,66|5,64|3,54
454|0,71|Premium|E|VS2|62,3|58,0|2817|5,69|5,65|3,53
455|0,63|Ideal|F|VVS2|61,5|56,0|2817|5,48|5,52|3,38
456|0,71|Premium|E|SI1|59,2|59,0|2817|5,86|5,83|3,46
457|0,71|Premium|E|SI1|61,8|59,0|2817|5,75|5,7|3,54
458|0,71|Ideal|E|SI1|61,3|55,0|2817|5,77|5,72|3,52
459|0,71|Premium|E|SI1|61,4|58,0|2817|5,77|5,73|3,53
460|0,9|Ideal|J|VS2|62,8|55,0|2817|6,2|6,16|3,88
461|0,71|Good|E|SI1|62,8|64,0|2817|5,6|5,54|3,5
462|0,7|Premium|E|VS2|62,4|61,0|2818|5,66|5,63|3,52
463|0,7|Premium|E|VS2|59,3|60,0|2818|5,78|5,73|3,41
464|0,7|Premium|E|VS2|63,0|60,0|2818|5,64|5,6|3,54
465|1,0|Premium|H|I1|61,3|60,0|2818|6,43|6,39|3,93
466|0,86|Premium|F|SI2|59,3|62,0|2818|6,36|6,22|3,73
467|0,8|Ideal|H|SI1|61,0|57,0|2818|6,07|6,0|3,68
468|0,7|Ideal|E|VS1|62,9|57,0|2818|5,66|5,61|3,54
469|0,7|Premium|E|VS1|59,6|57,0|2818|5,91|5,83|3,5
470|0,7|Premium|F|VS2|61,8|60,0|2818|5,69|5,64|3,5
471|0,7|Premium|E|VS1|62,7|57,0|2818|5,68|5,64|3,55
472|1,0|Fair|H|SI2|65,3|62,0|2818|6,34|6,12|4,08
473|0,72|Very Good|G|VS1|63,8|58,0|2819|5,64|5,68|3,61
474|0,72|Ideal|H|VS1|62,3|56,0|2819|5,73|5,77|3,58
475|0,7|Good|F|VS1|59,7|63,0|2819|5,76|5,79|3,45
476|0,86|Good|F|SI2|64,3|60,0|2819|5,97|5,95|3,83
477|0,71|Ideal|G|VS1|62,9|58,0|2820|5,66|5,69|3,57
478|0,75|Ideal|E|SI1|62,0|57,0|2821|5,8|5,78|3,59
479|0,73|Premium|E|VS2|61,6|59,0|2821|5,77|5,73|3,54
480|0,53|Ideal|E|VVS1|61,9|55,0|2821|5,2|5,21|3,22
481|0,73|Premium|E|SI1|61,3|58,0|2821|5,83|5,76|3,55
482|0,73|Good|E|SI1|63,6|57,0|2821|5,72|5,7|3,63
483|0,73|Premium|E|SI1|59,6|61,0|2821|5,92|5,85|3,51
484|0,73|Premium|E|SI1|62,2|59,0|2821|5,77|5,68|3,56
485|0,73|Premium|D|SI1|61,7|55,0|2821|5,84|5,82|3,6
486|0,73|Very Good|E|SI1|63,2|58,0|2821|5,76|5,7|3,62
487|0,7|Premium|E|VS1|60,8|60,0|2822|5,74|5,71|3,48
488|0,72|Premium|E|VS2|60,3|59,0|2822|5,84|5,8|3,51
489|0,72|Premium|E|VS2|60,9|60,0|2822|5,8|5,76|3,52
490|0,72|Premium|E|VS2|62,4|59,0|2822|5,77|5,7|3,58
491|0,7|Premium|E|VS2|60,2|60,0|2822|5,73|5,7|3,44
492|0,6|Ideal|F|VVS2|62,0|55,0|2822|5,37|5,4|3,34
493|0,74|Ideal|I|VVS1|60,8|57,0|2822|5,85|5,89|3,57
494|0,73|Ideal|F|SI1|62,1|55,0|2822|5,75|5,78|3,58
495|0,71|Premium|D|SI1|62,7|60,0|2822|5,71|5,67|3,57
496|0,71|Premium|D|SI1|61,3|58,0|2822|5,75|5,73|3,52
497|0,7|Premium|D|SI1|60,2|60,0|2822|5,82|5,75|3,48
498|0,7|Ideal|D|SI1|60,7|56,0|2822|5,75|5,72|3,48
499|0,9|Good|J|VS2|64,0|61,0|2822|6,04|6,03|3,86
500|0,71|Ideal|D|SI1|60,2|56,0|2822|5,86|5,83|3,52
501|0,7|Premium|E|VS2|61,5|59,0|2822|5,73|5,68|3,51
502|0,7|Premium|E|VS2|62,6|56,0|2822|5,71|5,66|3,56
503|0,7|Ideal|D|SI1|59,7|58,0|2822|5,82|5,77|3,46
504|0,7|Good|E|SI1|61,4|64,0|2822|5,71|5,66|3,49
505|0,7|Ideal|D|SI1|62,5|57,0|2822|5,62|5,59|3,51
506|0,7|Ideal|D|SI1|61,8|56,0|2822|5,73|5,63|3,51
507|0,7|Premium|E|VS2|60,7|62,0|2822|5,72|5,68|3,46
508|0,7|Premium|F|VS2|60,6|58,0|2822|5,8|5,72|3,49
509|0,7|Ideal|D|SI1|61,4|54,0|2822|5,75|5,71|3,52
510|0,79|Very Good|D|SI2|62,8|59,0|2823|5,86|5,9|3,69
511|0,9|Good|I|SI1|63,8|57,0|2823|6,06|6,13|3,89
512|0,71|Premium|E|VS2|62,3|58,0|2823|5,71|5,66|3,54
513|0,61|Ideal|E|VVS2|61,3|54,0|2823|5,51|5,59|3,4
514|0,9|Fair|H|SI2|65,8|54,0|2823|6,05|5,98|3,96
515|0,71|Ideal|E|SI1|60,5|56,0|2823|5,77|5,73|3,47
516|0,71|Premium|D|VS2|61,2|59,0|2824|5,74|5,69|3,5
517|0,77|Ideal|I|VVS2|62,1|57,0|2824|5,84|5,86|3,63
518|0,74|Good|E|VS1|63,1|58,0|2824|5,73|5,75|3,62
519|0,82|Ideal|F|SI2|62,4|54,0|2824|6,02|5,97|3,74
520|0,82|Premium|E|SI2|60,8|60,0|2824|6,05|6,03|3,67
521|0,71|Premium|G|VS1|62,2|59,0|2825|5,73|5,66|3,54
522|0,83|Premium|H|SI1|60,0|59,0|2825|6,08|6,05|3,64
523|0,73|Very Good|G|VS1|62,0|57,0|2825|5,75|5,8|3,58
524|0,83|Premium|H|SI1|62,5|59,0|2825|6,02|5,95|3,74
525|1,17|Premium|J|I1|60,2|61,0|2825|6,9|6,83|4,13
526|0,91|Fair|H|SI2|61,3|67,0|2825|6,24|6,19|3,81
527|0,73|Premium|E|VS1|62,6|60,0|2826|5,75|5,68|3,58
528|0,7|Good|E|VS1|57,2|59,0|2826|5,94|5,88|3,38
529|0,9|Premium|I|SI2|62,2|59,0|2826|6,11|6,07|3,79
530|0,7|Premium|E|VS1|62,2|58,0|2826|5,66|5,6|3,5
531|0,7|Very Good|D|VS2|63,3|56,0|2826|5,6|5,58|3,54
532|0,7|Premium|E|VS1|59,4|61,0|2826|5,78|5,74|3,42
533|0,9|Very Good|I|SI2|63,5|56,0|2826|6,17|6,07|3,88
534|0,78|Premium|F|SI1|60,8|60,0|2826|5,97|5,94|3,62
535|0,96|Ideal|F|I1|60,7|55,0|2826|6,41|6,37|3,88
536|0,7|Very Good|D|SI1|62,3|59,0|2827|5,67|5,7|3,54
537|0,72|Good|D|VS2|64,0|54,0|2827|5,68|5,7|3,64
538|0,79|Premium|H|VVS2|62,6|58,0|2827|5,96|5,9|3,71
539|0,7|Ideal|H|VVS1|61,6|57,0|2827|5,69|5,74|3,52
540|0,7|Ideal|H|VVS1|62,3|55,0|2827|5,66|5,7|3,54
541|0,7|Ideal|D|SI2|60,6|57,0|2828|5,74|5,77|3,49
542|1,01|Premium|H|SI2|61,6|61,0|2828|6,39|6,31|3,91
543|0,72|Premium|F|VS1|62,2|58,0|2829|5,75|5,7|3,56
544|0,8|Good|E|SI2|63,7|54,0|2829|5,91|5,87|3,75
545|0,59|Ideal|E|VVS1|62,0|56,0|2829|5,36|5,38|3,33
546|0,72|Ideal|F|VS1|61,7|57,0|2829|5,77|5,74|3,55
547|0,75|Premium|E|SI2|61,9|57,0|2829|5,88|5,82|3,62
548|0,8|Premium|E|SI2|60,2|57,0|2829|6,05|6,01|3,63
549|0,71|Very Good|E|VS2|62,7|59,0|2830|5,65|5,7|3,56
550|0,77|Very Good|H|SI1|61,7|56,0|2830|5,84|5,89|3,62
551|0,97|Ideal|F|I1|60,7|56,0|2830|6,41|6,43|3,9
552|0,53|Ideal|F|VVS1|60,9|57,0|2830|5,23|5,29|3,19
553|0,53|Ideal|F|VVS1|61,8|57,0|2830|5,16|5,19|3,2
554|0,8|Ideal|I|VS2|62,1|54,4|2830|5,94|5,99|3,7
555|0,9|Premium|G|SI1|60,6|62,0|2830|6,21|6,13|3,74
556|0,76|Very Good|E|SI2|60,8|60,0|2831|5,89|5,98|3,61
557|0,72|Ideal|E|SI1|62,3|57,0|2831|5,7|5,76|3,57
558|0,75|Ideal|E|SI1|61,4|57,0|2831|5,82|5,87|3,59
559|0,72|Premium|E|SI1|62,1|58,0|2831|5,73|5,76|3,57
560|0,79|Ideal|G|SI1|61,8|56,0|2831|5,93|5,91|3,66
561|0,72|Very Good|F|VS2|62,5|58,0|2832|5,71|5,75|3,58
562|0,91|Very Good|I|SI2|62,8|61,0|2832|6,15|6,18|3,87
563|0,71|Premium|G|VVS2|62,1|57,0|2832|5,75|5,65|3,54
564|0,81|Premium|G|SI1|63,0|60,0|2832|5,87|5,81|3,68
565|0,82|Ideal|H|SI1|62,5|57,0|2832|5,91|5,97|3,71
566|0,71|Premium|F|VS1|62,2|58,0|2832|5,72|5,66|3,54
567|0,9|Good|J|SI1|64,3|63,0|2832|6,05|6,01|3,88
568|0,8|Very Good|I|VS2|62,0|58,0|2833|5,86|5,95|3,66
569|0,56|Very Good|E|IF|61,0|59,0|2833|5,28|5,34|3,24
570|0,7|Very Good|D|VS2|59,6|61,0|2833|5,77|5,8|3,45
571|0,7|Ideal|D|VS2|61,0|57,0|2833|5,74|5,76|3,51
572|0,61|Ideal|F|VVS2|61,7|55,0|2833|5,45|5,48|3,37
573|0,85|Ideal|H|SI2|62,5|57,0|2833|6,02|6,07|3,78
574|0,7|Ideal|F|SI1|60,7|57,0|2833|5,73|5,75|3,49
575|0,8|Ideal|G|VS2|62,2|56,0|2834|5,94|5,87|3,67
576|0,8|Ideal|H|VS2|62,8|57,0|2834|5,91|5,87|3,7
577|0,51|Very Good|D|VVS1|59,9|58,0|2834|5,16|5,19|3,1
578|0,53|Ideal|F|VVS1|61,4|57,0|2834|5,2|5,23|3,2
579|0,78|Ideal|I|VS2|61,8|55,0|2834|5,92|5,95|3,67
580|0,9|Very Good|J|SI1|63,4|54,0|2834|6,17|6,14|3,9
581|0,9|Fair|G|SI2|65,3|59,0|2834|6,07|6,0|3,94
582|0,77|Ideal|E|SI2|60,7|55,0|2834|6,01|5,95|3,63
583|0,73|Ideal|F|VS1|61,2|56,0|2835|5,89|5,81|3,58
584|0,63|Ideal|F|VVS2|61,9|57,0|2835|5,47|5,51|3,4
585|0,7|Ideal|E|VS2|61,5|54,0|2835|5,7|5,75|3,52
586|0,72|Ideal|E|VS2|62,8|57,0|2835|5,71|5,73|3,59
587|0,72|Ideal|E|SI1|61,0|57,0|2835|5,78|5,8|3,53
588|0,75|Premium|F|VS2|59,6|59,0|2835|6,04|5,94|3,57
589|0,82|Very Good|H|SI1|60,7|56,0|2836|6,04|6,06|3,67
590|0,71|Good|E|VS2|62,8|60,0|2836|5,6|5,65|3,53
591|0,7|Premium|E|VS1|62,6|59,0|2837|5,69|5,66|3,55
592|0,7|Ideal|E|VS1|61,8|56,0|2837|5,74|5,69|3,53
593|0,71|Ideal|F|SI1|59,8|53,0|2838|5,86|5,82|3,49
594|0,76|Very Good|H|SI1|60,9|55,0|2838|5,92|5,94|3,61
595|0,82|Fair|F|SI1|64,9|58,0|2838|5,83|5,79|3,77
596|0,72|Premium|F|VS1|58,8|60,0|2838|5,91|5,89|3,47
597|0,7|Premium|F|VS2|62,3|58,0|2838|5,72|5,64|3,54
598|0,7|Premium|F|VS2|61,7|58,0|2838|5,69|5,63|3,49
599|0,7|Premium|G|VS1|62,6|55,0|2838|5,73|5,64|3,56
600|0,7|Premium|F|VS2|59,4|61,0|2838|5,83|5,79|3,45
601|0,7|Very Good|E|SI1|63,5|59,0|2838|5,53|5,49|3,5
602|0,7|Premium|F|VS2|60,9|61,0|2838|5,71|5,66|3,46
603|0,7|Premium|F|VS2|59,5|58,0|2838|5,85|5,75|3,45
604|0,7|Premium|G|VS1|63,0|60,0|2838|5,64|5,57|3,53
605|0,74|Very Good|E|SI1|60,0|57,0|2839|5,85|5,89|3,52
606|0,71|Ideal|F|VS1|61,5|57,0|2839|5,74|5,71|3,52
607|0,7|Ideal|F|VS1|61,6|54,0|2839|5,75|5,72|3,53
608|0,71|Ideal|F|VS1|62,1|55,0|2839|5,82|5,68|3,57
609|0,71|Premium|F|VS1|59,1|61,0|2839|5,84|5,81|3,44
610|0,71|Premium|F|VS1|59,0|60,0|2839|5,82|5,8|3,43
611|0,71|Premium|F|VS1|60,5|58,0|2839|5,75|5,72|3,47
612|0,7|Ideal|F|VS1|62,4|53,0|2839|5,73|5,71|3,57
613|0,73|Ideal|G|VS2|61,8|54,0|2839|5,8|5,82|3,59
614|0,7|Ideal|E|VS2|62,1|54,0|2839|5,69|5,72|3,54
615|0,7|Ideal|G|VS1|61,3|57,0|2839|5,71|5,74|3,51
616|0,71|Premium|G|VVS2|60,3|58,0|2839|5,82|5,78|3,5
617|0,71|Premium|F|VS1|59,2|58,0|2839|5,87|5,82|3,46
618|0,79|Premium|G|VS2|59,3|62,0|2839|6,09|6,01|3,59
619|0,71|Premium|F|VS1|62,7|59,0|2839|5,7|5,62|3,55
620|0,77|Very Good|H|VS1|61,0|60,0|2840|5,9|5,87|3,59
621|0,75|Very Good|F|SI2|59,8|56,0|2840|5,85|5,92|3,52
622|0,7|Ideal|F|SI1|61,0|56,0|2840|5,75|5,8|3,52
623|0,71|Premium|F|VS2|59,3|56,0|2840|5,88|5,82|3,47
624|0,92|Ideal|D|SI2|61,9|56,0|2840|6,27|6,2|3,86
625|0,83|Premium|F|SI2|61,4|59,0|2840|6,08|6,04|3,72
626|0,7|Premium|H|VVS1|59,2|60,0|2840|5,87|5,78|3,45
627|0,73|Premium|F|VS2|60,3|59,0|2841|5,9|5,87|3,55
628|0,71|Very Good|D|VS1|63,4|55,0|2841|5,69|5,61|3,58
629|0,73|Very Good|D|SI1|63,9|57,0|2841|5,66|5,71|3,63
630|0,82|Ideal|F|SI2|61,7|53,0|2841|6,0|6,12|3,74
631|0,82|Ideal|F|SI2|62,3|56,0|2841|5,96|6,02|3,73
632|0,82|Very Good|F|SI2|59,7|57,0|2841|6,12|6,14|3,66
633|0,52|Ideal|F|VVS1|61,2|56,0|2841|5,19|5,21|3,18
634|1,0|Premium|F|I1|58,9|60,0|2841|6,6|6,55|3,87
635|0,95|Fair|G|SI1|66,7|56,0|2841|6,16|6,03|4,06
636|0,73|Ideal|D|SI1|61,4|57,0|2841|5,76|5,8|3,55
637|0,73|Premium|F|VS2|59,9|59,0|2841|5,87|5,77|3,5
638|0,73|Premium|G|VS1|61,4|58,0|2841|5,82|5,77|3,56
639|0,8|Ideal|I|VS1|62,6|54,0|2842|5,92|5,96|3,72
640|0,7|Premium|F|VS2|58,7|61,0|2842|5,8|5,72|3,38
641|0,7|Very Good|E|VS2|60,2|62,0|2843|5,71|5,75|3,45
642|0,7|Very Good|E|VS2|62,7|58,0|2843|5,65|5,67|3,55
643|0,71|Very Good|E|VS2|59,4|58,0|2843|5,76|5,82|3,44
644|0,81|Very Good|F|SI2|63,2|58,0|2843|5,91|5,92|3,74
645|0,71|Very Good|D|SI1|61,5|58,0|2843|5,73|5,79|3,54
646|0,73|Ideal|G|VVS2|61,3|57,0|2843|5,81|5,84|3,57
647|0,73|Very Good|F|VS1|61,8|59,0|2843|5,73|5,79|3,56
648|0,72|Ideal|E|VS2|62,0|57,0|2843|5,71|5,74|3,55
649|0,81|Ideal|F|SI2|62,1|57,0|2843|5,91|5,95|3,68
650|0,71|Ideal|G|VVS2|60,7|57,0|2843|5,81|5,78|3,52
651|0,73|Very Good|E|SI1|57,7|61,0|2844|5,92|5,96|3,43
652|0,7|Very Good|E|VS1|62,0|59,0|2844|5,65|5,68|3,51
653|1,01|Ideal|I|I1|61,5|57,0|2844|6,45|6,46|3,97
654|1,01|Good|I|I1|63,1|57,0|2844|6,35|6,39|4,02
655|0,79|Ideal|H|VS2|62,5|57,0|2844|5,91|5,93|3,7
656|0,7|Very Good|E|VS2|61,8|59,0|2845|5,65|5,68|3,5
657|0,7|Very Good|E|VS2|58,9|60,0|2845|5,83|5,85|3,44
658|0,8|Good|H|VS2|63,4|60,0|2845|5,92|5,82|3,72
659|1,27|Premium|H|SI2|59,3|61,0|2845|7,12|7,05|4,2
660|0,79|Ideal|D|SI1|61,5|56,0|2846|5,96|5,91|3,65
661|0,72|Very Good|F|VS1|60,2|59,0|2846|5,79|5,84|3,5
662|0,73|Ideal|H|VVS2|61,6|56,0|2846|5,79|5,84|3,58
663|1,01|Fair|H|SI2|65,4|59,0|2846|6,3|6,26|4,11
664|1,01|Good|H|I1|64,2|61,0|2846|6,25|6,18|3,99
665|0,73|Ideal|E|SI1|59,1|59,0|2846|5,92|5,95|3,51
666|0,7|Ideal|E|SI1|61,6|57,0|2846|5,71|5,76|3,53
667|0,7|Good|F|VS2|59,1|61,0|2846|5,76|5,84|3,43
668|0,77|Premium|E|SI1|62,9|59,0|2846|5,84|5,79|3,66
669|0,77|Premium|G|VS2|61,3|60,0|2846|5,91|5,81|3,59
670|0,77|Premium|G|VS1|61,4|58,0|2846|5,94|5,89|3,63
671|0,84|Very Good|H|SI1|61,2|57,0|2847|6,1|6,12|3,74
672|0,72|Ideal|E|SI1|60,3|57,0|2847|5,83|5,85|3,52
673|0,76|Premium|D|SI1|61,1|59,0|2847|5,93|5,88|3,61
674|0,7|Very Good|G|VVS2|62,9|59,0|2848|5,61|5,68|3,55
675|0,54|Ideal|D|VVS2|61,5|55,0|2848|5,25|5,29|3,24
676|0,75|Fair|D|SI2|64,6|57,0|2848|5,74|5,72|3,7
677|0,79|Good|E|SI1|64,1|54,0|2849|5,86|5,84|3,75
678|0,74|Very Good|E|VS1|63,1|58,0|2849|5,75|5,73|3,62
679|0,7|Very Good|E|VS2|61,0|60,0|2850|5,74|5,77|3,51
680|0,7|Ideal|F|VS2|60,8|59,0|2850|5,69|5,79|3,49
681|0,75|Ideal|J|SI1|61,5|56,0|2850|5,83|5,87|3,6
682|1,2|Very Good|H|I1|63,1|60,0|2850|6,75|6,67|4,23
683|0,8|Very Good|F|SI1|63,4|57,0|2851|5,89|5,82|3,71
684|0,66|Ideal|D|VS1|62,1|56,0|2851|5,54|5,57|3,45
685|0,87|Very Good|F|SI2|61,0|63,0|2851|6,22|6,07|3,75
686|0,86|Premium|H|SI1|62,7|59,0|2851|6,04|5,98|3,77
687|0,74|Ideal|F|SI1|61,0|57,0|2851|5,85|5,81|3,56
688|0,58|Very Good|E|IF|60,6|59,0|2852|5,37|5,43|3,27
689|0,78|Ideal|I|VS1|61,5|57,0|2852|5,88|5,92|3,63
690|0,74|Ideal|G|SI1|61,3|55,0|2852|5,85|5,86|3,59
691|0,73|Ideal|E|SI1|62,7|55,0|2852|5,7|5,79|3,6
692|0,91|Very Good|I|SI1|63,5|57,0|2852|6,12|6,07|3,87
693|0,71|Premium|F|VS2|62,6|58,0|2853|5,67|5,7|3,56
694|0,71|Good|G|VS1|63,5|55,0|2853|5,64|5,66|3,59
695|0,79|Ideal|D|SI2|62,8|57,0|2853|5,9|5,85|3,69
696|0,79|Premium|D|SI2|60,0|60,0|2853|6,07|6,03|3,63
697|0,71|Premium|E|SI1|62,7|58,0|2853|5,73|5,66|3,57
698|0,82|Premium|I|VS1|61,9|58,0|2853|5,99|5,97|3,7
699|0,78|Very Good|H|VS1|61,9|57,1|2854|5,87|5,95|3,66
700|0,7|Very Good|E|VS1|62,4|56,0|2854|5,64|5,7|3,54
701|1,12|Premium|H|I1|59,1|61,0|2854|6,78|6,75|4,0
702|0,73|Premium|E|VS2|62,0|57,0|2854|5,86|5,76|3,6
703|0,91|Fair|J|VS2|64,4|62,0|2854|6,06|6,03|3,89
704|0,91|Fair|J|VS2|65,4|60,0|2854|6,04|6,0|3,94
705|0,91|Good|J|VS2|64,2|58,0|2854|6,12|6,09|3,92
706|0,91|Fair|H|SI1|65,8|58,0|2854|6,04|6,01|3,96
707|0,7|Premium|E|VS1|58,4|59,0|2854|5,91|5,83|3,43
708|0,68|Premium|F|VVS2|61,7|57,0|2854|5,67|5,64|3,49
709|0,73|Very Good|F|VS2|62,5|57,0|2855|5,7|5,75|3,58
710|1,03|Good|J|SI1|63,6|57,0|2855|6,38|6,29|4,03
711|0,74|Premium|D|VS2|62,4|57,0|2855|5,8|5,74|3,6
712|0,98|Fair|E|SI2|53,3|67,0|2855|6,82|6,74|3,61
713|1,02|Fair|I|SI1|53,0|63,0|2856|6,84|6,77|3,66
714|1,0|Fair|G|SI2|67,8|61,0|2856|5,96|5,9|4,02
715|1,02|Ideal|H|SI2|61,6|55,0|2856|6,49|6,43|3,98
716|0,6|Ideal|F|VVS2|60,8|57,0|2856|5,44|5,49|3,32
717|0,8|Ideal|G|SI2|61,6|56,0|2856|5,97|6,01|3,69
718|0,97|Ideal|F|I1|60,7|56,0|2856|6,43|6,41|3,9
719|1,0|Fair|I|SI1|67,9|62,0|2856|6,19|6,03|4,15
720|0,26|Ideal|E|VS1|62,3|57,0|556|4,05|4,08|2,53
721|0,26|Ideal|E|VS1|62,1|56,0|556|4,09|4,12|2,55
722|0,36|Ideal|H|SI1|61,9|55,0|556|4,57|4,59|2,83
723|0,34|Good|G|VS2|57,5|61,0|556|4,6|4,66|2,66
724|0,34|Good|E|SI1|63,3|57,0|556|4,44|4,47|2,82
725|0,34|Good|E|SI1|63,5|55,0|556|4,44|4,47|2,83
726|0,34|Good|E|SI1|63,4|55,0|556|4,44|4,46|2,82
727|0,34|Very Good|G|VS2|59,6|62,0|556|4,54|4,56|2,71
728|0,34|Ideal|E|SI1|62,2|54,0|556|4,47|4,5|2,79
729|0,32|Good|E|VS2|64,1|54,0|556|4,34|4,37|2,79
730|0,31|Ideal|I|VVS1|61,6|55,0|557|4,36|4,41|2,7
731|0,31|Ideal|I|VVS1|61,3|56,0|557|4,36|4,38|2,68
732|0,31|Ideal|I|VVS1|62,3|54,0|557|4,37|4,4|2,73
733|0,31|Ideal|I|VVS1|62,0|54,0|557|4,37|4,4|2,72
734|0,31|Ideal|I|VVS1|62,7|53,0|557|4,33|4,35|2,72
735|0,31|Ideal|I|VVS1|62,2|53,0|557|4,36|4,38|2,72
736|0,31|Ideal|G|VS2|62,2|53,6|557|4,32|4,35|2,7
737|0,31|Ideal|H|VS1|61,6|54,8|557|4,35|4,37|2,69
738|0,31|Ideal|H|VS1|61,8|54,2|557|4,33|4,37|2,69
739|0,33|Premium|G|SI2|59,4|59,0|557|4,52|4,5|2,68
740|0,33|Premium|F|SI2|62,3|58,0|557|4,43|4,4|2,75
741|0,33|Premium|G|SI2|62,6|58,0|557|4,42|4,4|2,76
742|0,33|Ideal|G|SI2|61,9|56,0|557|4,45|4,41|2,74
743|0,33|Premium|F|SI2|63,0|58,0|557|4,42|4,4|2,78
744|0,33|Premium|J|VS1|62,8|58,0|557|4,41|4,38|2,76
745|0,33|Premium|J|VS1|61,5|61,0|557|4,46|4,39|2,72
746|0,33|Ideal|J|VS1|62,1|55,0|557|4,44|4,41|2,75
747|0,33|Ideal|I|SI1|63,0|57,0|557|4,39|4,37|2,76
748|0,33|Good|I|SI1|63,6|53,0|557|4,43|4,4|2,81
749|0,33|Premium|I|SI1|60,4|59,0|557|4,54|4,5|2,73
750|1,0|Fair|H|SI2|66,1|56,0|2856|6,21|5,97|4,04
751|0,77|Premium|F|SI1|60,8|59,0|2856|5,92|5,86|3,58
752|0,77|Premium|F|SI1|61,0|58,0|2856|5,94|5,9|3,61
753|0,7|Good|E|VVS2|60,1|63,0|2857|5,68|5,71|3,42
754|0,9|Very Good|G|SI2|63,1|58,0|2857|6,08|6,02|3,82
755|0,72|Ideal|E|SI1|62,3|57,0|2857|5,76|5,7|3,57
756|0,9|Premium|I|VS2|61,9|59,0|2857|6,2|6,14|3,82
757|0,72|Premium|E|SI1|62,1|58,0|2857|5,76|5,73|3,57
758|0,7|Ideal|G|VVS2|62,1|56,0|2858|5,63|5,71|3,52
759|0,81|Very Good|F|SI1|61,3|57,0|2858|6,02|6,05|3,7
760|0,81|Very Good|F|SI1|61,7|57,0|2858|6,0|6,05|3,72
761|0,71|Premium|E|VS2|61,0|60,0|2858|5,76|5,69|3,49
762|0,7|Premium|E|VS2|61,4|59,0|2858|5,73|5,7|3,51
763|0,71|Premium|E|VS2|61,5|60,0|2858|5,76|5,68|3,52
764|0,71|Very Good|E|VS2|63,5|59,0|2858|5,68|5,59|3,58
765|0,92|Premium|J|SI1|62,9|58,0|2858|6,22|6,18|3,9
766|0,76|Ideal|E|SI1|62,7|54,0|2858|5,88|5,83|3,67
767|0,73|Ideal|D|SI1|61,5|56,0|2858|5,84|5,8|3,58
768|0,71|Premium|D|VS2|60,4|62,0|2858|5,74|5,72|3,46
769|0,7|Good|E|VVS2|63,6|62,0|2858|5,61|5,58|3,56
770|0,9|Fair|G|SI2|64,5|56,0|2858|6,06|6,0|3,89
771|0,71|Fair|D|VS2|56,9|65,0|2858|5,89|5,84|3,34
772|0,7|Ideal|D|VS2|61,0|57,0|2859|5,76|5,74|3,51
773|0,7|Premium|D|VS2|62,4|56,0|2859|5,72|5,66|3,55
774|0,77|Premium|F|VS1|60,9|60,0|2859|5,91|5,88|3,59
775|0,71|Ideal|G|VS1|61,5|56,0|2859|5,74|5,78|3,54
776|0,7|Premium|D|VS2|59,6|61,0|2859|5,8|5,77|3,45
777|0,75|Fair|F|VS1|55,8|70,0|2859|6,09|5,98|3,37
778|0,83|Premium|E|SI2|59,2|60,0|2859|6,17|6,12|3,64
779|0,71|Very Good|F|VS2|61,3|61,0|2860|5,68|5,73|3,5
780|0,9|Very Good|J|SI2|63,6|58,0|2860|6,07|6,1|3,87
781|0,6|Ideal|E|VVS2|61,9|54,9|2860|5,41|5,44|3,35
782|0,71|Premium|D|VS1|62,9|57,0|2860|5,66|5,6|3,54
783|0,53|Ideal|F|VVS1|61,4|57,0|2860|5,23|5,2|3,2
784|0,71|Premium|D|SI1|60,7|58,0|2861|5,95|5,78|3,56
785|0,62|Ideal|G|VVS2|61,6|56,0|2861|5,45|5,48|3,37
786|0,62|Ideal|G|VVS2|61,6|56,0|2861|5,48|5,51|3,38
787|0,9|Premium|I|SI1|63,0|58,0|2861|6,09|6,01|3,81
788|0,62|Fair|F|IF|60,1|61,0|2861|5,53|5,56|3,33
789|0,82|Premium|E|SI2|61,7|59,0|2861|6,01|5,98|3,7
790|0,66|Premium|D|VS1|61,0|58,0|2861|5,67|5,57|3,43
791|0,7|Very Good|D|SI1|62,5|55,0|2862|5,67|5,72|3,56
792|0,8|Very Good|F|SI1|62,6|58,0|2862|5,9|5,92|3,7
793|0,8|Very Good|D|SI2|62,5|59,0|2862|5,88|5,92|3,69
794|0,79|Premium|F|SI1|62,3|54,0|2862|5,97|5,91|3,7
795|0,71|Very Good|F|VVS1|63,2|60,0|2862|5,65|5,61|3,56
796|0,7|Ideal|H|VS2|61,1|57,0|2862|5,71|5,74|3,5
797|0,7|Very Good|E|VS2|58,7|63,0|2862|5,73|5,69|3,35
798|0,79|Premium|H|VS1|60,0|60,0|2862|6,07|5,99|3,64
799|0,7|Premium|E|VS2|59,5|59,0|2862|5,82|5,77|3,45
800|1,22|Premium|E|I1|60,9|57,0|2862|6,93|6,88|4,21
801|1,01|Fair|E|SI2|67,6|57,0|2862|6,21|6,11|4,18
802|0,73|Premium|E|VS2|62,5|61,0|2862|5,78|5,64|3,59
803|0,91|Good|I|VS2|64,3|58,0|2863|6,05|6,09|3,9
804|0,71|Ideal|D|SI1|60,8|56,0|2863|5,8|5,77|3,52
805|0,83|Premium|G|SI1|62,3|58,0|2863|6,01|5,97|3,73
806|0,84|Premium|F|SI2|62,3|59,0|2863|6,06|6,01|3,76
807|0,71|Premium|D|SI1|61,0|61,0|2863|5,82|5,75|3,53
808|0,71|Premium|D|SI1|59,7|59,0|2863|5,82|5,8|3,47
809|0,71|Premium|D|SI1|61,7|56,0|2863|5,8|5,68|3,54
810|0,71|Ideal|D|SI1|61,7|57,0|2863|5,75|5,7|3,53
811|0,71|Premium|D|SI1|61,4|58,0|2863|5,79|5,75|3,54
812|0,71|Premium|D|SI1|60,6|58,0|2863|5,79|5,77|3,5
813|0,91|Premium|J|SI1|59,5|62,0|2863|6,4|6,18|3,74
814|0,9|Premium|J|VS2|59,8|62,0|2863|6,24|6,21|3,72
815|0,71|Premium|H|VVS2|61,5|62,0|2863|5,74|5,68|3,51
816|0,71|Premium|E|SI1|59,1|61,0|2863|5,84|5,8|3,44
817|0,72|Ideal|F|VS2|59,5|57,0|2863|5,91|5,86|3,5
818|0,72|Premium|E|SI1|60,9|60,0|2863|5,78|5,74|3,51
819|0,71|Ideal|E|VS2|61,0|55,0|2863|5,79|5,75|3,52
820|0,81|Ideal|E|SI2|60,3|57,0|2864|6,07|6,04|3,65
821|0,83|Very Good|I|VS2|61,6|58,0|2865|6,05|6,07|3,73
822|0,73|Premium|D|SI1|60,8|55,0|2865|5,87|5,81|3,55
823|0,56|Very Good|D|VVS1|62,0|56,0|2866|5,25|5,3|3,27
824|0,56|Very Good|D|VVS1|61,8|55,0|2866|5,27|5,31|3,27
825|0,71|Ideal|E|VS1|62,2|55,0|2866|5,74|5,7|3,56
826|0,7|Ideal|H|VVS1|62,3|58,0|2866|5,66|5,7|3,54
827|0,96|Premium|I|SI1|61,3|58,0|2866|6,39|6,3|3,89
828|0,71|Very Good|H|VVS1|62,9|57,0|2867|5,67|5,69|3,57
829|0,7|Ideal|D|VS2|62,4|57,0|2867|5,68|5,61|3,52
830|0,71|Ideal|H|VVS1|60,4|57,0|2867|5,78|5,81|3,5
831|0,8|Premium|H|VS2|61,2|53,0|2867|6,05|5,98|3,68
832|0,95|Premium|F|SI2|58,4|57,0|2867|6,49|6,41|3,77
833|0,82|Ideal|F|SI2|62,3|56,0|2867|5,99|5,95|3,72
834|0,52|Ideal|F|VVS1|61,2|56,0|2867|5,21|5,19|3,18
835|0,82|Ideal|F|SI2|61,7|53,0|2867|6,12|6,0|3,74
836|0,82|Ideal|F|SI2|62,3|56,0|2867|6,02|5,96|3,73
837|0,82|Premium|F|SI2|59,7|57,0|2867|6,14|6,12|3,66
838|0,8|Ideal|G|SI1|61,3|57,0|2867|5,96|5,91|3,64
839|0,96|Fair|F|SI2|68,2|61,0|2867|6,07|5,88|4,1
840|0,72|Ideal|I|VS1|62,4|55,0|2868|5,72|5,75|3,58
841|0,62|Ideal|G|IF|60,5|57,0|2868|5,52|5,56|3,35
842|0,79|Premium|E|SI2|61,0|58,0|2868|5,96|5,9|3,62
843|0,75|Very Good|E|SI1|63,1|56,0|2868|5,78|5,7|3,62
844|1,08|Premium|D|I1|61,9|60,0|2869|6,55|6,48|4,03
845|0,72|Ideal|E|SI1|60,8|55,0|2869|5,77|5,84|3,53
846|0,62|Ideal|G|IF|61,8|56,0|2869|5,43|5,47|3,37
847|0,73|Ideal|G|VVS2|61,3|57,0|2869|5,84|5,81|3,57
848|0,72|Ideal|H|VVS2|60,9|57,0|2869|5,79|5,77|3,52
849|0,52|Premium|F|VVS2|61,8|60,0|2870|5,16|5,13|3,18
850|0,83|Ideal|E|SI2|62,2|57,0|2870|6,0|6,05|3,75
851|0,64|Premium|E|VVS2|62,1|58,0|2870|5,56|5,51|3,44
852|0,8|Ideal|G|SI1|62,5|57,0|2870|5,94|5,9|3,7
853|0,74|Ideal|H|SI1|62,1|56,0|2870|5,77|5,83|3,6
854|0,72|Ideal|F|SI1|61,5|56,0|2870|5,72|5,79|3,54
855|0,82|Ideal|H|VS2|59,5|57,0|2870|6,12|6,09|3,63
856|0,73|Premium|E|VS1|61,3|59,0|2870|5,81|5,78|3,55
857|1,04|Premium|I|I1|61,6|61,0|2870|6,47|6,45|3,98
858|0,73|Very Good|E|SI1|61,3|58,0|2871|5,76|5,83|3,55
859|0,73|Good|E|SI1|63,6|57,0|2871|5,7|5,72|3,63
860|0,9|Premium|J|SI1|62,8|59,0|2871|6,13|6,03|3,82
861|0,75|Ideal|I|SI1|61,8|55,0|2871|5,83|5,85|3,61
862|0,79|Ideal|G|SI1|62,6|55,0|2871|5,91|5,95|3,71
863|0,7|Good|D|SI1|62,5|56,7|2872|5,59|5,62|3,51
864|0,75|Very Good|D|SI1|60,7|55,0|2872|5,87|5,92|3,58
865|1,02|Ideal|I|I1|61,7|56,0|2872|6,44|6,49|3,99
866|0,7|Very Good|G|SI2|59,0|62,0|2872|5,79|5,81|3,42
867|0,7|Ideal|D|SI1|61,8|56,0|2872|5,63|5,73|3,51
868|0,7|Good|E|SI1|61,4|64,0|2872|5,66|5,71|3,49
869|0,7|Ideal|D|SI1|61,4|54,0|2872|5,71|5,75|3,52
870|0,7|Ideal|D|SI1|60,7|56,0|2872|5,72|5,75|3,48
871|0,7|Very Good|D|SI1|60,2|60,0|2872|5,75|5,82|3,48
872|0,72|Very Good|E|VS2|58,3|57,0|2872|5,89|5,94|3,45
873|0,74|Ideal|E|SI1|62,3|58,0|2872|5,74|5,78|3,59
874|0,84|Good|G|SI1|65,1|55,0|2872|5,88|5,97|3,86
875|0,76|Very Good|F|VS2|62,0|58,0|2873|5,8|5,86|3,62
876|0,77|Very Good|E|SI1|63,2|58,0|2873|5,8|5,84|3,68
877|0,76|Ideal|E|SI2|62,8|56,0|2873|5,78|5,82|3,64
878|1,0|Ideal|I|SI2|61,7|56,0|2873|6,45|6,41|3,97
879|1,0|Fair|H|SI1|65,5|62,0|2873|6,14|6,07|4,0
880|0,9|Fair|I|SI1|65,7|58,0|2873|6,03|6,0|3,95
881|0,9|Premium|J|SI1|61,8|58,0|2873|6,16|6,13|3,8
882|0,9|Good|J|SI1|64,0|61,0|2873|6,0|5,96|3,83
883|0,9|Fair|I|SI1|65,3|61,0|2873|5,98|5,94|3,89
884|0,9|Fair|I|SI1|65,8|56,0|2873|6,01|5,96|3,94
885|0,9|Premium|J|SI1|60,9|61,0|2873|6,26|6,22|3,8
886|0,78|Premium|F|VS2|62,6|58,0|2874|5,91|5,82|3,67
887|0,71|Premium|D|VS2|61,2|59,0|2874|5,69|5,74|3,5
888|0,7|Premium|F|VS1|59,0|59,0|2874|5,79|5,77|3,41
889|0,7|Premium|F|VS1|60,8|62,0|2874|5,71|5,67|3,46
890|0,7|Premium|G|VVS2|61,8|58,0|2874|5,67|5,63|3,49
891|0,7|Ideal|F|VS1|61,0|55,0|2874|5,77|5,73|3,51
892|0,7|Ideal|F|VS1|61,6|55,0|2874|5,75|5,71|3,53
893|0,7|Ideal|F|VS1|62,4|56,0|2874|5,69|5,65|3,54
894|0,7|Premium|G|VVS2|62,9|59,0|2874|5,68|5,61|3,55
895|1,0|Fair|H|SI2|67,7|60,0|2875|6,11|5,98|4,09
896|0,77|Ideal|H|SI1|62,4|56,0|2875|5,84|5,9|3,66
897|1,0|Fair|J|VS1|65,5|55,0|2875|6,3|6,25|4,11
898|1,0|Fair|I|SI1|66,3|61,0|2875|6,08|6,03|4,01
899|1,0|Fair|H|SI2|69,5|55,0|2875|6,17|6,1|4,26
900|0,73|Premium|E|VS1|62,6|60,0|2876|5,68|5,75|3,58
901|0,79|Premium|E|VS2|60,6|53,0|2876|6,04|5,98|3,64
902|0,72|Very Good|H|VS1|62,2|54,0|2877|5,74|5,76|3,57
903|0,71|Ideal|E|VS1|62,4|56,0|2877|5,75|5,7|3,57
904|0,74|Ideal|G|VS2|62,3|55,0|2877|5,8|5,83|3,62
905|0,7|Good|H|VVS1|62,7|56,0|2877|5,6|5,66|3,53
906|0,7|Good|F|VS1|59,1|62,0|2877|5,82|5,86|3,44
907|0,79|Very Good|F|SI1|62,8|59,0|2878|5,86|5,89|3,69
908|0,79|Very Good|F|SI1|62,7|60,0|2878|5,82|5,89|3,67
909|0,79|Very Good|D|SI2|59,7|58,0|2878|6,0|6,07|3,6
910|0,71|Ideal|I|VS2|61,5|55,0|2878|5,76|5,78|3,55
911|0,79|Ideal|F|SI1|62,8|56,0|2878|5,88|5,9|3,7
912|0,73|Very Good|F|SI1|61,4|56,0|2879|5,81|5,86|3,58
913|0,63|Premium|E|IF|60,3|62,0|2879|5,55|5,53|3,34
914|0,7|Premium|F|VS1|60,4|60,0|2879|5,73|5,7|3,45
915|0,71|Premium|F|VS1|62,7|58,0|2879|5,71|5,67|3,57
916|0,84|Ideal|G|SI2|61,0|56,0|2879|6,13|6,1|3,73
917|0,84|Ideal|G|SI2|62,3|55,0|2879|6,08|6,03|3,77
918|1,02|Ideal|J|SI2|60,3|54,0|2879|6,53|6,5|3,93
919|0,72|Fair|F|VS1|56,9|69,0|2879|5,93|5,77|3,33
920|0,72|Ideal|F|VS1|62,0|56,0|2879|5,76|5,73|3,56
921|0,92|Very Good|J|SI2|58,7|61,0|2880|6,34|6,43|3,75
922|0,74|Very Good|D|SI1|63,9|57,0|2880|5,72|5,74|3,66
923|0,7|Ideal|H|VVS1|62,0|55,0|2881|5,74|5,71|3,55
924|0,71|Very Good|E|VS2|60,0|59,0|2881|5,84|5,83|3,5
925|1,05|Premium|H|I1|62,0|59,0|2881|6,5|6,47|4,02
926|0,7|Very Good|H|IF|62,8|56,0|2882|5,62|5,65|3,54
927|0,54|Ideal|F|VVS1|61,8|56,0|2882|5,23|5,26|3,24
928|0,73|Premium|F|VS2|59,9|58,0|2882|5,87|5,84|3,51
929|0,88|Fair|F|SI1|56,6|65,0|2882|6,39|6,32|3,6
930|0,73|Premium|F|VS2|58,7|57,0|2882|5,97|5,92|3,49
931|0,72|Ideal|D|SI1|61,8|56,0|2883|5,75|5,81|3,57
932|0,9|Good|H|SI2|62,7|64,0|2883|6,09|6,0|3,79
933|0,9|Fair|H|SI2|65,0|61,0|2883|6,01|5,96|3,89
934|1,03|Fair|I|SI2|65,3|55,0|2884|6,32|6,27|4,11
935|0,84|Very Good|F|SI1|63,8|57,0|2885|5,95|6,0|3,81
936|1,01|Premium|I|SI1|62,7|60,0|2885|6,36|6,27|3,96
937|0,77|Ideal|D|SI2|61,5|55,0|2885|5,9|5,93|3,64
938|0,8|Fair|E|SI1|56,3|63,0|2885|6,22|6,14|3,48
939|0,9|Fair|D|SI2|66,9|57,0|2885|6,02|5,9|3,99
940|0,73|Ideal|E|SI1|61,4|56,0|2886|5,79|5,81|3,56
941|0,72|Ideal|E|SI1|62,7|55,0|2886|5,64|5,69|3,55
942|0,71|Very Good|D|SI1|62,4|54,0|2887|5,71|5,79|3,59
943|0,7|Premium|E|VS1|62,6|59,0|2887|5,66|5,69|3,55
944|0,79|Ideal|I|VS1|61,7|59,0|2888|5,93|5,96|3,67
945|0,72|Very Good|G|VVS2|62,5|58,0|2889|5,68|5,72|3,56
946|0,7|Very Good|E|VS2|63,5|54,0|2889|5,62|5,66|3,58
947|0,7|Very Good|F|VS1|62,2|58,0|2889|5,64|5,75|3,54
948|0,9|Good|H|SI2|63,5|58,0|2889|6,09|6,14|3,88
949|0,71|Very Good|F|VS1|62,8|56,0|2889|5,69|5,72|3,58
950|0,5|Ideal|E|VVS2|62,2|54,0|2889|5,08|5,12|3,17
951|0,5|Ideal|E|VVS2|62,2|54,0|2889|5,09|5,11|3,17
952|0,74|Ideal|F|SI1|61,2|56,0|2889|5,83|5,87|3,58
953|0,77|Premium|F|VS2|61,8|56,0|2889|5,94|5,9|3,66
954|0,77|Premium|E|SI1|59,8|61,0|2889|5,99|5,95|3,57
955|0,8|Ideal|F|SI1|61,5|54,0|2890|6,07|6,0|3,71
956|0,8|Ideal|F|SI1|62,4|57,0|2890|5,9|5,87|3,67
957|0,8|Premium|F|SI1|61,5|60,0|2890|5,97|5,94|3,66
958|0,8|Good|F|SI1|63,8|59,0|2890|5,87|5,83|3,73
959|0,66|Ideal|G|VVS1|61,5|56,0|2890|5,61|5,58|3,44
960|0,71|Very Good|E|VS2|61,2|58,0|2891|5,71|5,79|3,52
961|0,71|Ideal|F|VS2|61,2|56,0|2891|5,73|5,77|3,52
962|0,71|Ideal|E|VS2|61,6|56,0|2891|5,74|5,76|3,54
963|0,71|Ideal|E|VS2|62,7|56,0|2891|5,71|5,75|3,59
964|0,72|Ideal|D|SI1|61,1|56,0|2891|5,78|5,81|3,54
965|0,71|Good|D|VS2|62,3|61,0|2891|5,7|5,73|3,56
966|0,86|Ideal|H|SI2|61,8|55,0|2892|6,12|6,14|3,79
967|1,19|Fair|H|I1|65,1|59,0|2892|6,62|6,55|4,29
968|0,71|Very Good|F|VS1|62,6|55,0|2893|5,66|5,71|3,56
969|0,82|Very Good|G|SI2|62,5|56,0|2893|5,99|6,04|3,76
970|0,71|Ideal|G|VVS2|61,5|57,0|2893|5,73|5,75|3,53
971|0,75|Ideal|F|VS2|62,5|57,0|2893|5,78|5,83|3,63
972|0,7|Very Good|H|VVS1|59,2|60,0|2893|5,87|5,78|3,45
973|0,8|Ideal|G|SI2|62,5|55,0|2893|5,89|5,92|3,69
974|0,82|Good|G|SI2|59,9|62,0|2893|6,02|6,04|3,61
975|0,82|Very Good|G|SI1|63,4|55,0|2893|6,0|5,93|3,78
976|0,82|Premium|G|SI1|59,9|59,0|2893|6,09|6,06|3,64
977|0,81|Very Good|E|SI2|62,4|57,0|2894|5,91|5,99|3,71
978|0,81|Ideal|G|SI2|62,2|57,0|2894|5,96|6,0|3,72
979|0,76|Ideal|F|SI1|61,4|56,0|2894|5,88|5,92|3,62
980|0,71|Very Good|G|VS2|60,9|56,0|2895|5,75|5,78|3,51
981|0,7|Very Good|F|VS1|61,8|59,0|2895|5,66|5,76|3,53
982|0,7|Ideal|G|VVS2|62,1|53,0|2895|5,71|5,75|3,56
983|0,74|Very Good|G|VS1|59,8|58,0|2896|5,85|5,89|3,51
984|0,77|Very Good|G|VS2|61,3|60,0|2896|5,81|5,91|3,59
985|0,77|Very Good|G|VS2|58,3|63,0|2896|6,0|6,05|3,51
986|0,53|Ideal|F|VVS1|61,6|56,0|2896|5,18|5,24|3,21
987|0,79|Ideal|D|SI1|61,5|56,0|2896|5,91|5,96|3,65
988|0,73|Ideal|E|SI2|61,5|55,0|2896|5,82|5,86|3,59
989|0,77|Ideal|D|SI2|62,1|56,0|2896|5,83|5,89|3,64
990|0,77|Premium|E|SI1|60,9|58,0|2896|5,94|5,88|3,6
991|1,01|Very Good|I|I1|63,1|57,0|2896|6,39|6,35|4,02
992|1,01|Ideal|I|I1|61,5|57,0|2896|6,46|6,45|3,97
993|0,6|Very Good|D|VVS2|60,6|57,0|2897|5,48|5,51|3,33
994|0,76|Premium|E|SI1|61,1|58,0|2897|5,91|5,85|3,59
995|0,54|Ideal|D|VVS2|61,4|52,0|2897|5,3|5,34|3,26
996|0,72|Ideal|E|SI1|62,5|55,0|2897|5,69|5,74|3,57
997|0,72|Good|F|VS1|59,4|61,0|2897|5,82|5,89|3,48
998|0,74|Premium|D|VS2|61,8|58,0|2897|5,81|5,77|3,58
999|1,12|Premium|J|SI2|60,6|59,0|2898|6,68|6,61|4,03
